Title,Company_name,Link
Test Engineer,Quipper,Link is not available
Full-stack Developer (Work from Home; Permanent),Dynamic Technology Lab Pte Ltd,Link is not available
BaruSoftware Quality Assurance - Manual Testing,Cermati.com,https://id.indeed.com//cmp/PT-Dwi-Cermat-Indonesia-1
BaruQA Engineer,StyleTheory,https://id.indeed.com//cmp/Styletheory
Python Programmer,1rstWAP,Link is not available
Full Stack Developer JIXIE,Kompas Gramedia,https://id.indeed.com//cmp/Kompas-Gramedia-Group
Back End Developer (Node JS),PT Mitra Talenta Grup (Celerates),Link is not available
Job Opening Application Development,Mitra Integrasi Informatika,https://id.indeed.com//cmp/Mitra-Integrasi-Informatika
Back End Developer,PT Generasi Teknologi Buana,Link is not available
Financial Service SRE Engineer [Entry Level],Shopee,https://id.indeed.com//cmp/Shopee
Unity Developer,Alegrium,Link is not available
BaruSenior Backend Developer,Schoters,Link is not available
Web Developer,1rstWAP,Link is not available
Full stack web developer,Snap Innovations Pte. Ltd.,Link is not available
Full Stack Developer,IndoSterling Technomedia,Link is not available
Game Developer,Alegrium,Link is not available
Full Stack Engineer (1 years exp.),Kitameraki Limited,Link is not available
QA Engineer - GoFinance,GO-JEK,https://id.indeed.com//cmp/Pt.-Go--jek-Indonesia-2
Senior Back End Developer (3 years exp.),Kitameraki Limited,Link is not available
Back End Developer,PT. Hyppe Teknologi Indonesia,Link is not available
Senior Data Warehouse Engineer - GoPay,GO-JEK,https://id.indeed.com//cmp/Pt.-Go--jek-Indonesia-2
Application Developer,Bank Mega,https://id.indeed.com//cmp/Bank-Mega
Solutions Architect,Mavenir,Link is not available
"Customer Solutions Consultant, Data Analytics, Google Cloud",Google,https://id.indeed.com//cmp/Google
"Senior Software Engineer, Backend",Grab,https://id.indeed.com//cmp/Grab
BaruFull Stack Developer,Lifetime Design CV,Link is not available
Full-Stack Developer,DDTC,Link is not available
Back End Developer,Telkom Digital Solution by PT Telkom Indonesia,Link is not available
IT Developer,MNC,Link is not available
Senior Data Warehouse Engineer,GO-JEK,https://id.indeed.com//cmp/Pt.-Go--jek-Indonesia-2
Back End Engineer - Supply Chain,Shopee,https://id.indeed.com//cmp/Shopee
Backend developers,PT Intrias Mandiri Sejati (IMS),Link is not available
Financial Service SRE Engineer [Experienced],Shopee,https://id.indeed.com//cmp/Shopee
Web Developer,Great Giant Foods,Link is not available
Senior Software Engineer for Global AI Startup,StrategArt,Link is not available
ShopeePay Backend Engineer [Leader],Shopee,https://id.indeed.com//cmp/Shopee
Systems Engineer,Arista Networks,Link is not available
Senior Backend Developer,DETIKcom,Link is not available
Full Stack Developer,PT IDStar Cipta Teknologi,Link is not available
"Product Owner (Entry, Mid and Senior Levels)",Cermati.com,https://id.indeed.com//cmp/PT-Dwi-Cermat-Indonesia-1
Backend Engineer,Cicil,Link is not available
Data Engineer and Analytics,FinAccel,Link is not available
Full Stack Developer,GKInvest,Link is not available
Business Intelligence Developer E-Commerce,Kompas Gramedia,https://id.indeed.com//cmp/Kompas-Gramedia-Group
Data Analyst - Monetisation & Promotion Platform (MPP),GO-JEK,https://id.indeed.com//cmp/Pt.-Go--jek-Indonesia-2
Back end developer,MNC,Link is not available
Data Warehouse Engineer - Merchant Platform,GO-JEK,https://id.indeed.com//cmp/Pt.-Go--jek-Indonesia-2
Senior Software Quality Assurance,Cermati.com,https://id.indeed.com//cmp/PT-Dwi-Cermat-Indonesia-1
Web Developer,Binabusana Internusa,Link is not available
IT WEB DEVELOPER,Ismaya Group,https://id.indeed.com//cmp/Ismaya-Group-1
Lead Solutions Engineer,TIBCO Software,Link is not available
Test Engineer (Intern),LINE Plus corporation,Link is not available
Sr. Backend Developer,Pintek ID,Link is not available
BaruFullstack Developer,Malifax Indonesia PT,Link is not available
Software Developer,Terrindo Bumi Raya,Link is not available
DevOps Engineer,IDC Tech,Link is not available
(Commerce Tech) Software Developer,MatchaTalent,Link is not available
Back End Developer,Akseleran,Link is not available
LOWONGAN IOS Developer,PT Diksha Teknologi,Link is not available
Golang Developer (Back End),PT Lunaria Annua Teknologi (KoinWorks),Link is not available
DevOps Engineer (Work from Home; Permanent),Dynamic Technology Lab Pte Ltd,Link is not available
"Frontend Engineer (Freshgraduate, Senior, Principal, & Senio...",Cermati.com,https://id.indeed.com//cmp/PT-Dwi-Cermat-Indonesia-1
HRIS Developer,Binabusana Internusa,Link is not available
Python Developer,QSI Recruitment,Link is not available
FULL STACK DEVELOPER,Summarecon,"https://id.indeed.com//cmp/PT-Summarecon-Agung,-Tbk"
Senior Performance Test Engineer,Quipper,Link is not available
System Engineering Development,Alodokter,https://id.indeed.com//cmp/Alodokter-2
BaruRemote Senior Web Engineer,Scopic,Link is not available
IT Engineer,PT Bank Central Asia Tbk,https://id.indeed.com//cmp/PT-Bank-Central-Asia-Tbk
Site Reliability Engineer,Shopee,https://id.indeed.com//cmp/Shopee
"Fullstack Developer - Javascript, Python, Golang, NodeJS, Re...",Michael Page,https://id.indeed.com//cmp/Michael-Page
Problem Generator Developer,Zenius Education,Link is not available
Service Provider Vertical Solutions,NTT Ltd,Link is not available
Quality Assurance (Automation Engineer),Itommey Bintang Indonesia PT,Link is not available
Database Development Engineer,ATS Global,Link is not available
